scan_run_date,symbol,sector,week_date,close_at_match,ema10_at_match,rs_vs_sector_at_match,monthly_confirmed,buy_tag
2026-08-15,AIAENG,Capital Goods,2026-08-14,4482.8,4555.77,59.68,True,
2026-08-15,AADHARHFC,Financial Services,2026-08-14,503.2,503.94,18.25,True,
2026-08-15,ADANIENSOL,Power,2026-08-14,1616.0,1589.72,19.37,False,
2026-08-15,ADANIENT,Metals & Mining,2026-08-14,3035.1,2993.07,13.64,False,
2026-08-15,ABCAPITAL,Financial Services,2026-08-14,401.0,391.5,11.54,False,
2026-08-15,AVL,Consumer Services,2026-08-14,618.85,609.67,37.31,False,
2026-08-15,ABDL,Fast Moving Consumer Goods,2026-08-14,627.7,611.75,21.64,False,
2026-08-15,APOLLO,Capital Goods,2026-08-14,393.55,391.92,42.51,False,
2026-08-15,APOLLOHOSP,Healthcare,2026-08-14,8920.5,8728.6,0.81,False,
2026-08-15,ASAHIINDIA,Automobile and Auto Components,2026-08-14,901.0,886.05,13.47,True,
2026-08-15,ASTERDM,Healthcare,2026-08-14,824.3,806.39,15.76,False,
2026-08-15,BALAMINES,Chemicals,2026-08-14,2133.8,2073.04,67.03,False,
2026-08-15,BORORENEW,Capital Goods,2026-08-14,579.0,571.93,26.51,True,
2026-08-15,CCL,Fast Moving Consumer Goods,2026-08-14,1143.0,1148.51,19.04,False,
2026-08-15,CERA,Consumer Durables,2026-08-14,5925.5,5998.39,36.12,False,
2026-08-15,CUB,Financial Services,2026-08-14,208.64,208.58,4.64,True,
2026-08-15,EQUITASBNK,Financial Services,2026-08-14,74.52,74.87,6.75,True,
2026-08-15,GMRAIRPORT,Services,2026-08-14,101.51,105.42,15.22,True,
2026-08-15,GODREJIND,Diversified,2026-08-14,1255.6,1248.32,25.12,False,
2026-08-15,HOMEFIRST,Financial Services,2026-08-14,1175.3,1175.37,8.96,False,
2026-08-15,HONAUT,Capital Goods,2026-08-14,37190.0,37325.99,7.01,False,
2026-08-15,INDIAGLYCO,Fast Moving Consumer Goods,2026-08-14,1056.3,1078.62,31.42,False,
2026-08-15,IPCALAB,Healthcare,2026-08-14,1734.2,1717.41,13.97,False,
2026-08-15,KPRMILL,Textiles,2026-08-14,1110.0,1079.57,66.37,True,
2026-08-15,KIMS,Healthcare,2026-08-14,807.55,797.15,2.17,False,
2026-08-15,LTF,Financial Services,2026-08-14,306.3,302.67,14.37,False,
2026-08-15,LLOYDSME,Metals & Mining,2026-08-14,1898.4,1885.96,3.48,False,
2026-08-15,LLOYDSENT,Metals & Mining,2026-08-14,76.04,76.28,26.98,False,
2026-08-15,MRPL,Oil Gas & Consumable Fuels,2026-08-14,170.54,165.76,54.53,True,
2026-08-15,MANAPPURAM,Financial Services,2026-08-14,348.4,340.58,4.69,False,
2026-08-15,NESTLEIND,Fast Moving Consumer Goods,2026-08-14,1506.9,1462.36,5.68,False,
2026-08-15,NAM-INDIA,Financial Services,2026-08-14,1177.0,1147.36,4.82,False,
2026-08-15,NUVAMA,Financial Services,2026-08-14,1670.1,1733.3,27.27,False,
2026-08-15,OLECTRA,Automobile and Auto Components,2026-08-14,1316.9,1348.56,42.98,False,
2026-08-15,PICCADIL,Fast Moving Consumer Goods,2026-08-14,660.5,673.22,21.64,False,
2026-08-15,PFOCUS,Media Entertainment & Publication,2026-08-14,269.6,270.5,25.6,False,
2026-08-15,PRIVISCL,Chemicals,2026-08-14,3528.8,3533.09,3.75,False,
2026-08-15,RAINBOW,Healthcare,2026-08-14,1453.0,1455.96,3.4,False,
2026-08-15,SOUTHBANK,Financial Services,2026-08-14,45.66,45.11,18.55,False,
2026-08-15,STARHEALTH,Financial Services,2026-08-14,584.6,572.22,26.31,False,
2026-08-15,SPLPETRO,Chemicals,2026-08-14,716.65,712.78,5.32,True,
2026-08-15,SUPRIYA,Healthcare,2026-08-14,813.5,860.23,69.7,True,
2026-08-15,TANLA,Information Technology,2026-08-14,584.25,568.24,20.49,False,
2026-08-15,TITAGARH,Capital Goods,2026-08-14,850.75,839.56,17.61,False,
2026-08-15,USHAMART,Capital Goods,2026-08-14,487.95,491.27,18.42,False,
2026-08-15,ZYDUSLIFE,Healthcare,2026-08-14,1135.2,1104.95,10.94,False,
2026-08-15,BHARATFORG,Automobile and Auto Components,2026-08-14,2065.0,2109.81,11.96,False,
2026-08-15,J&KBANK,Financial Services,2026-08-14,155.48,160.58,53.81,False,
2026-08-15,MARICO,Fast Moving Consumer Goods,2026-08-14,865.2,844.93,17.09,False,
2026-08-15,METROPOLIS,Healthcare,2026-08-14,558.5,554.35,0.22,False,
2026-08-15,VOLTAMP,Capital Goods,2026-08-14,10039.5,9739.39,18.35,True,
2026-08-15,3MINDIA,Diversified,2026-08-14,35340.0,34522.14,9.22,True,
2026-08-17,ADANIPOWER,Power,2026-08-14,205.25,213.35,1.23,True,
2026-08-17,ATGL,Oil Gas & Consumable Fuels,2026-08-14,654.05,675.33,75.7,False,
2026-08-17,ABSLAMC,Financial Services,2026-08-14,1011.2,1046.93,10.67,True,
2026-08-17,MAHABANK,Financial Services,2026-08-14,80.12,80.91,1.01,True,
2026-08-17,FEDFINA,Financial Services,2026-08-14,150.87,152.32,2.86,True,
2026-08-17,KPIL,Construction,2026-08-14,1352.2,1316.28,24.42,True,
2026-08-17,NMDC,Metals & Mining,2026-08-14,84.4,85.31,9.14,True,
2026-08-17,NIVABUPA,Financial Services,2026-08-14,82.72,84.69,16.19,True,
2026-08-17,SKIPPER,Capital Goods,2026-08-14,525.35,524.56,41.24,False,
2026-08-17,V2RETAIL,Consumer Services,2026-08-14,216.4,220.61,1.91,True,
2026-08-17,YESBANK,Financial Services,2026-08-14,22.67,23.04,39.89,True,
2026-08-18,AUBANK,Financial Services,2026-08-14,1081.9,1041.93,0.73,False,
2026-08-18,ALKYLAMINE,Chemicals,2026-08-14,1916.9,1821.87,36.83,False,
2026-08-18,ASIANPAINT,Consumer Durables,2026-08-14,2696.3,2679.75,3.3,False,
2026-08-18,BHEL,Capital Goods,2026-08-14,421.7,402.54,7.85,False,
2026-08-18,CAPLIPOINT,Healthcare,2026-08-14,2480.5,2438.65,45.56,False,
2026-08-18,CGCL,Financial Services,2026-08-14,226.52,227.34,61.61,False,
2026-08-18,DATAMATICS,Information Technology,2026-08-14,866.25,833.36,24.36,False,
2026-08-18,GRANULES,Healthcare,2026-08-14,858.4,828.56,18.01,False,
2026-08-18,GRINDWELL,Capital Goods,2026-08-14,2167.5,2053.8,10.54,False,
2026-08-18,INDUSINDBK,Financial Services,2026-08-14,1024.7,987.83,27.27,False,
2026-08-18,INDIGO,Services,2026-08-14,5310.0,5127.38,16.83,False,
2026-08-18,JSWINFRA,Services,2026-08-14,339.15,321.31,47.23,False,
2026-08-18,JSWSTEEL,Metals & Mining,2026-08-14,1270.0,1260.8,1.41,True,
2026-08-18,JUBLINGREA,Chemicals,2026-08-14,736.95,709.24,4.19,False,
2026-08-18,KIRLOSBROS,Capital Goods,2026-08-14,1905.5,1851.65,38.84,True,
2026-08-18,SCHNEIDER,Capital Goods,2026-08-14,1369.2,1321.42,6.24,False,
2026-08-18,SMARTWORKS,Services,2026-08-14,488.75,471.25,35.03,True,
2026-08-18,TIPSMUSIC,Media Entertainment & Publication,2026-08-14,670.9,664.74,42.71,False,
2026-08-18,WELSPUNLIV,Textiles,2026-08-14,164.06,158.69,54.47,False,
2026-08-18,ZYDUSWELL,Fast Moving Consumer Goods,2026-08-14,510.3,539.39,75.64,False,
2026-08-18,JINDALSAW,Capital Goods,2026-08-14,267.1,259.0,20.32,False,False
2026-08-21,ASIANPAINT,Consumer Durables,2026-08-21,2640.0,2672.63,0.87,False,False
2026-08-21,HOMEFIRST,Financial Services,2026-08-21,1193.7,1178.96,7.99,False,False
2026-08-21,JSWSTEEL,Metals & Mining,2026-08-21,1293.7,1266.78,1.55,True,False
2026-08-21,NMDC,Metals & Mining,2026-08-21,84.61,85.18,3.09,True,False
2026-08-21,TITAGARH,Capital Goods,2026-08-21,843.55,837.44,5.7,False,False
2026-08-21,V2RETAIL,Consumer Services,2026-08-21,219.73,220.52,5.39,True,False
2026-08-21,YESBANK,Financial Services,2026-08-21,22.8,22.99,5.91,True,False
2026-08-28,3MINDIA,Other,2026-08-28,34415.0,34344.95,,True,True,10W,32957.1,4.24
2026-08-28,ACMESOLAR,Other,2026-08-28,393.7,371.76,,True,True,10W,358.18,9.02
2026-08-28,ACUTAAS,Other,2026-08-28,3281.6,3235.06,,True,True,10W,3106.62,5.33
2026-08-28,ABSLAMC,Other,2026-08-28,1047.9,1041.37,,True,True,10W,980.4,6.44
2026-08-28,AEGISVOPAK,Other,2026-08-28,269.9,266.16,,True,True,10W,255.72,5.25
2026-08-28,APOLLOHOSP,Healthcare,2026-08-28,8838.5,8740.76,,True,True,10W,8505.58,3.77
2026-08-28,ASTRAMICRO,Other,2026-08-28,1706.6,1695.43,,True,True,10W,1626.47,4.7
2026-08-28,AUROPHARMA,Healthcare,2026-08-28,1645.3,1586.29,,True,True,10W,1582.81,3.8
2026-08-28,BEML,Capital Goods,2026-08-28,1984.9,1849.77,,True,True,10W,1861.6,6.21
2026-08-28,BALAMINES,Other,2026-08-28,2390.5,2131.53,,True,True,10W,2029.6,15.1
2026-08-28,MAHABANK,Other,2026-08-28,83.8,81.35,,True,True,10W,78.8,5.97
2026-08-28,BANKINDIA,Other,2026-08-28,144.0,143.14,,True,True,10W,139.27,3.28
2026-08-28,BELRISE,Other,2026-08-28,229.87,234.4,,True,True,10W,223.94,2.58
2026-08-28,BHARATFORG,Automobile and Auto Components,2026-08-28,2037.7,2089.74,,True,True,20W,1984.95,2.59
2026-08-28,BHEL,Capital Goods,2026-08-28,430.85,409.24,,True,True,10W,404.07,6.22
2026-08-28,CGPOWER,Capital Goods,2026-08-28,889.0,883.02,,True,True,10W,851.6,4.21
2026-08-28,CGCL,Other,2026-08-28,257.98,232.42,,True,True,10W,214.83,16.73
2026-08-28,CIPLA,Healthcare,2026-08-28,1423.5,1428.15,,True,True,10W,1387.09,2.56
2026-08-28,CUB,Other,2026-08-28,222.24,212.36,,True,True,10W,202.76,8.77
2026-08-28,DELHIVERY,Services,2026-08-28,470.2,468.95,,True,True,10W,434.71,7.55
2026-08-28,AGARWALEYE,Other,2026-08-28,507.8,494.89,,True,True,10W,484.6,4.57
2026-08-28,EICHERMOT,Automobile and Auto Components,2026-08-28,8059.0,7765.07,,True,True,10W,7868.02,2.37
2026-08-28,EMCURE,Other,2026-08-28,1869.4,1863.87,,True,True,10W,1811.8,3.08
2026-08-28,ENTERO,Other,2026-08-28,1808.6,1375.09,,True,True,10W,1366.79,24.43
2026-08-28,NYKAA,Consumer Services,2026-08-28,335.65,322.07,,True,True,10W,317.1,5.53
2026-08-28,FEDFINA,Other,2026-08-28,158.94,154.27,,True,True,10W,147.55,7.17
2026-08-28,GABRIEL,Other,2026-08-28,1367.6,1347.22,,True,True,10W,1302.94,4.73
2026-08-28,GRWRHITECH,Other,2026-08-28,7224.5,6854.75,,True,True,10W,6881.49,4.75
2026-08-28,MEDANTA,Other,2026-08-28,1472.2,1382.27,,True,True,10W,1379.07,6.33
2026-08-28,GRAVITA,Metals & Mining,2026-08-28,1825.8,1758.32,,True,True,10W,1746.16,4.36
2026-08-28,GRINDWELL,Other,2026-08-28,2057.7,2056.9,,True,True,10W,1972.08,4.16
2026-08-28,HSCL,Other,2026-08-28,672.95,700.98,,True,True,20W,643.5,4.38
2026-08-28,HINDZINC,Other,2026-08-28,622.0,575.37,,True,True,10W,543.31,12.65
2026-08-28,HOMEFIRST,Other,2026-08-28,1198.3,1182.48,,True,True,10W,1156.52,3.49
2026-08-28,HONAUT,Other,2026-08-28,36635.0,36999.07,,True,True,10W,35491.5,3.12
2026-08-28,INOXINDIA,Other,2026-08-28,2126.2,1926.54,,True,True,10W,1861.0,12.47
2026-08-28,INDIAGLYCO,Other,2026-08-28,1178.3,1108.98,,True,True,10W,1039.5,11.78
2026-08-28,INDIANB,Financial Services,2026-08-28,882.4,863.78,,True,True,10W,853.38,3.29
2026-08-28,JSWINFRA,Services,2026-08-28,342.95,326.85,,True,True,10W,323.14,5.78
2026-08-28,J&KBANK,Other,2026-08-28,150.01,156.94,,True,True,20W,144.54,3.65
2026-08-28,JINDALSAW,Other,2026-08-28,308.6,272.88,,True,True,10W,261.56,15.24
2026-08-28,KPRMILL,Other,2026-08-28,1130.2,1100.84,,True,True,10W,1087.02,3.82
2026-08-28,KEI,Capital Goods,2026-08-28,5570.0,5359.95,,True,True,10W,5393.92,3.16
2026-08-28,KAJARIACER,Other,2026-08-28,1215.5,1197.06,,True,True,10W,1175.13,3.32
2026-08-28,KARURVYSYA,Other,2026-08-28,346.0,325.21,,True,True,10W,323.33,6.55
2026-08-28,KIRLOSBROS,Other,2026-08-28,1914.7,1870.97,,True,True,10W,1860.31,2.84
2026-08-28,KIRLOSENG,Other,2026-08-28,2123.1,2121.06,,True,True,10W,2003.86,5.62
2026-08-28,MTARTECH,Other,2026-08-28,6997.0,6802.47,,True,True,10W,6663.2,4.77
2026-08-28,MAHSEAMLES,Other,2026-08-28,661.7,615.15,,True,True,10W,600.34,9.27
2026-08-28,MANKIND,Healthcare,2026-08-28,2382.9,2424.99,,True,True,20W,2314.22,2.88
2026-08-28,NEOGEN,Other,2026-08-28,2209.8,2083.17,,True,True,10W,2065.54,6.53
2026-08-28,NSLNISP,Other,2026-08-28,49.02,44.11,,True,True,10W,38.91,20.62
2026-08-28,NAVINFLUOR,Chemicals,2026-08-28,8517.5,7913.91,,True,True,10W,8009.1,5.97
2026-08-28,NUVAMA,Other,2026-08-28,1805.0,1748.72,,True,True,10W,1658.45,8.12
2026-08-28,OIL,Oil Gas & Consumable Fuels,2026-08-28,482.85,459.15,,True,True,10W,454.11,5.95
2026-08-28,OPTIEMUS,Other,2026-08-28,579.6,547.93,,True,True,10W,531.68,8.27
2026-08-28,OFSS,Information Technology,2026-08-28,12190.0,11323.63,,True,True,10W,11241.45,7.78
2026-08-28,PARADEEP,Other,2026-08-28,165.88,146.71,,True,True,10W,143.62,13.42
2026-08-28,POWERMECH,Other,2026-08-28,2580.6,2562.18,,True,True,10W,2388.38,7.45
2026-08-28,QPOWER,Other,2026-08-28,1431.2,1235.93,,True,True,10W,1243.54,13.11
2026-08-28,PRIVISCL,Other,2026-08-28,3458.0,3510.23,,True,True,20W,3368.48,2.59
2026-08-28,RAINBOW,Other,2026-08-28,1442.8,1451.65,,True,True,10W,1395.31,3.29
2026-08-28,SCI,Other,2026-08-28,299.05,294.11,,True,True,10W,281.26,5.95
2026-08-28,SHYAMMETL,Other,2026-08-28,1099.8,1006.78,,True,True,10W,971.78,11.64
2026-08-28,SIEMENS,Capital Goods,2026-08-28,4089.0,3828.52,,True,True,10W,3836.55,6.17
2026-08-28,LOTUSDEV,Other,2026-08-28,186.61,168.9,,True,True,10W,161.86,13.26
2026-08-28,SBIN,Financial Services,2026-08-28,1047.5,1045.17,,True,True,10W,1020.99,2.53
2026-08-28,SAIL,Metals & Mining,2026-08-28,200.0,177.31,,True,True,10W,166.43,16.78
2026-08-28,STAR,Other,2026-08-28,1019.9,1023.86,,True,True,20W,921.99,9.6
2026-08-28,SPARC,Other,2026-08-28,207.71,209.78,,True,True,10W,189.96,8.55
2026-08-28,SUNPHARMA,Healthcare,2026-08-28,1920.0,1909.9,,True,True,10W,1849.62,3.67
2026-08-28,TVSSCS,Other,2026-08-28,131.56,129.5,,True,True,10W,119.2,9.39
2026-08-28,TATACAP,Other,2026-08-28,375.7,359.23,,True,True,10W,351.55,6.43
2026-08-28,TATATECH,Information Technology,2026-08-28,834.35,787.4,,True,True,10W,776.8,6.9
2026-08-28,TECHM,Information Technology,2026-08-28,1640.9,1566.59,,True,True,10W,1546.38,5.76
2026-08-28,THYROCARE,Other,2026-08-28,584.35,562.24,,True,True,10W,557.47,4.6
2026-08-28,TORNTPHARM,Healthcare,2026-08-28,5050.0,4849.18,,True,True,10W,4765.86,5.63
2026-08-28,USHAMART,Other,2026-08-28,492.45,489.48,,True,True,10W,473.02,3.95
2026-08-28,WEWORK,Other,2026-08-28,691.6,690.46,,True,True,10W,657.9,4.87
2026-08-28,YATHARTH,Other,2026-08-28,967.4,862.63,,True,True,10W,828.88,14.32
2026-08-28,ZYDUSWELL,Other,2026-08-28,526.55,530.77,,True,True,10W,485.1,7.87
2026-08-28,ABB,Capital Goods,2026-08-28,7509.0,7309.14,16.95,16.95,True,True,10W,7317.58,2.55
2026-08-28,ABCAPITAL,Financial Services,2026-08-28,405.55,398.09,10.87,10.87,True,True,10W,389.86,3.87
2026-08-28,AJANTPHARM,Healthcare,2026-08-28,3557.0,3432.2,17.52,9.96,True,True,10W,3465.69,2.57
2026-08-28,EXIDEIND,Automobile and Auto Components,2026-08-28,444.6,440.65,22.3,22.3,True,True,10W,430.8,3.1
2026-08-28,INDUSINDBK,Financial Services,2026-08-28,994.0,991.2,9.48,9.48,True,True,10W,977.43,1.67
2026-08-28,JSWSTEEL,Metals & Mining,2026-08-28,1334.9,1279.17,4.77,4.77,True,True,10W,1237.9,7.27
2026-08-28,NESTLEIND,Fast Moving Consumer Goods,2026-08-28,1454.6,1462.19,6.61,6.61,True,True,10W,1423.62,2.13
2026-08-28,PIDILITIND,Fast Moving Consumer Goods,2026-08-28,1629.5,1607.54,9.99,9.99,True,True,10W,1600.83,1.76
2026-08-28,SHRIRAMFIN,Financial Services,2026-08-28,1086.9,1067.21,13.54,13.54,True,True,10W,1072.37,1.34
2026-08-28,TITAGARH,Capital Goods,2026-08-28,835.35,837.06,3.56,3.56,True,True,10W,804.57,3.68
2026-08-29,ZENTEC,Capital Goods,2026-08-28,1825.6,1792.68,15.29,15.29,True,True,10W,1798.14,1.5
